Workbook

Sheet Painel
A1: Painel de Acompanhamento SGD 2026
A2: Deadline geral: 30/11/2026 (férias da gestora 02–22/12)
A4: Contagem por status
A5: Status | B5: Entregáveis | C5: % do total
A6: Concluído | B6: =COUNTIF(#REF!,"Concluído") -> #REF! | C6: =IF($B$9=0,0,B6/$B$9) -> #REF!
A7: Em andamento | B7: =COUNTIF(#REF!,"Em andamento") -> #REF! | C7: =IF($B$9=0,0,B7/$B$9) -> #REF!
A8: Não iniciado | B8: =COUNTIF(#REF!,"Não iniciado") -> #REF! | C8: =IF($B$9=0,0,B8/$B$9) -> #REF!
A9: Total | B9: =SUM(B6:B8) -> #REF! | C9: =IF(B9=0,0,1) -> #REF!
A11: Status por Meta
A12: Meta | B12: Concluído | C12: Em andamento | D12: Não iniciado | E12: Total
A13: Meta 1 — Manual de Padronização | B13: =COUNTIFS(#REF!,"Meta 1 — Manual de Padronização da Rede de Revendas",#REF!,"Concluído") -> #REF! | C13: =COUNTIFS(#REF!,"Meta 1 — Manual de Padronização da Rede de Revendas",#REF!,"Em andamento") -> #REF! | D13: =COUNTIFS(#REF!,"Meta 1 — Manual de Padronização da Rede de Revendas",#REF!,"Não iniciado") -> #REF! | E13: =SUM(B13:D13) -> #REF!
A14: Meta 2 — Ações Comerciais 2º Sem. | B14: =COUNTIFS(#REF!,"Meta 2 — Ações Comerciais do 2º Semestre",#REF!,"Concluído") -> #REF! | C14: =COUNTIFS(#REF!,"Meta 2 — Ações Comerciais do 2º Semestre",#REF!,"Em andamento") -> #REF! | D14: =COUNTIFS(#REF!,"Meta 2 — Ações Comerciais do 2º Semestre",#REF!,"Não iniciado") -> #REF! | E14: =SUM(B14:D14) -> #REF!
A15: Meta 3 — Plataforma Condomínios | B15: =COUNTIFS(#REF!,"Meta 3 — Plataforma Condomínios Nacional Gás",#REF!,"Concluído") -> #REF! | C15: =COUNTIFS(#REF!,"Meta 3 — Plataforma Condomínios Nacional Gás",#REF!,"Em andamento") -> #REF! | D15: =COUNTIFS(#REF!,"Meta 3 — Plataforma Condomínios Nacional Gás",#REF!,"Não iniciado") -> #REF! | E15: =SUM(B15:D15) -> #REF!
A16: Meta 4 — Canal Minha Revenda | B16: =COUNTIFS(#REF!,"Meta 4 — Governança do Canal Minha Revenda – Fique por Dentro",#REF!,"Concluído") -> #REF! | C16: =COUNTIFS(#REF!,"Meta 4 — Governança do Canal Minha Revenda – Fique por Dentro",#REF!,"Em andamento") -> #REF! | D16: =COUNTIFS(#REF!,"Meta 4 — Governança do Canal Minha Revenda – Fique por Dentro",#REF!,"Não iniciado") -> #REF! | E16: =SUM(B16:D16) -> #REF!
A18: Marcos-chave
A19: Data | B19: Marco
A20: 22/10/2026 | B20: Reunião com revendedores — votação manual (padronização)
A21: 23/10/2026 | B21: Entrega da proposta de fluxo de acompanhamento
A22: 30/11/2026 | B22: Prazo final de encaminhamento de todas as entregas
A23: 46065 | B23: Início das férias da gestora (até 22/12)
A25: Fonte: aba Base (31 entregáveis). Dados atualizados semanalmente pela rotina de acompanhamento.

Sheet Rotina
A1: Rotina de Acompanhamento SGD 2026
A3: Rotina semanal
A4: Dia | B4: Atividade
A5: Segunda-feira | B5: Cada responsável atualiza status, prazo e pendências da sua meta (mensagem padronizada ou formulário).
A6: Quarta-feira | B6: Rômulo consolida os dados na aba Base.
A7: Sexta-feira | B7: Publicação da visão consolidada (Painel) para a gestora.
A9: Marcos
A10: Data | B10: Marco
A11: 22/10 | B11: Reunião de votação do Manual de Padronização com os revendedores.
A12: 23/10 | B12: Entrega da proposta de fluxo de acompanhamento.
A13: 30/11 | B13: Deadline geral de encaminhamento das entregas.
A14: 02–22/12 | B14: Férias da gestora.
A16: Papéis e responsabilidades
A17: Papel | B17: Responsabilidade
A18: Responsáveis de cada entrega | B18: Execução e cumprimento de prazos.
A19: Área de Dados (Rômulo) | B19: Estruturação, organização e acompanhamento das informações.

Sheet Entrada
A1: Meta | B1: Peso | C1: Nível | D1: Entregável | E1: Status | F1: Responsável | G1: Prazo | H1: Pendência | I1: Evidência | J1: Risco | L1: Preencha apenas esta aba. Use as listas suspensas das colunas Meta, Nível e Status.
A2: Meta 1 — Manual de Padronização | B2: 5% | C2: 80% | D2: Manual revisado e estruturado para validação da Diretoria Comercial | E2: Em andamento | F2: Hoodu | G2: Depende da reunião 22/10 | H2: Primeira versão reprovada pelo Augusto; nova versão para votação dos revendedores em 22/10 | I2: Apresentação na reunião do dia 22 | J2: Reprovação na votação atrasa todos os níveis seguintes
A3: Meta 1 — Manual de Padronização | B3: 5% | C3: 80% | D3: Alinhamento aos conceitos do Programa de Excelência | E3: Concluído | F3: Hoodu | G3: — | H3: Nenhuma | I3: Consta na primeira versão do manual | J3: —
A4: Meta 1 — Manual de Padronização | B4: 5% | C4: 80% | D4: Orientações visuais, técnicas e operacionais para a rede | E4: Concluído | F4: Hoodu | G4: — | H4: Nenhuma | I4: Consta na primeira versão do manual | J4: —
A5: Meta 1 — Manual de Padronização | B5: 5% | C5: 100% | D5: Aprovação do manual pela Diretoria Comercial | E5: Não iniciado | F5: Diretoria Comercial | G5: Após 22/10 | H5: Depende da aprovação na votação | I5: Ata de aprovação | J5: Reprovação ou atraso da reunião
A6: Meta 1 — Manual de Padronização | B6: 5% | C6: 100% | D6: Inclusão do Pratinha sem alteração de identidade | E6: Não iniciado | F6: Hoodu | G6: Após aprovação | H6: Depende do manual aprovado | I6: Versão final do manual | J6: Atraso em cadeia da Meta 1
A7: Meta 1 — Manual de Padronização | B7: 5% | C7: 100% | D7: Disponibilização digital e distribuição física (1 exemplar por Consultor, GV e GM; 5 para a Matriz) | E7: Não iniciado | F7: A definir | G7: Após aprovação | H7: Quantitativos a confirmar | I7: Comprovantes de distribuição | J7: Prazo apertado até 30/11
A8: Meta 1 — Manual de Padronização | B8: 5% | C8: 120% | D8: Dois guias rápidos ou materiais de consulta para a rede | E8: Não iniciado | F8: A definir | G8: A definir | H8: Não iniciado | I8: Materiais publicados | J8: Risco de não entrega no nível 120%
A9: Meta 2 — Ações Comerciais 2º Semestre | B9: 10% | C9: 80% | D9: Planejamento das ações do 2º semestre validado pela Diretoria Comercial | E9: Concluído | F9: Rômulo | G9: — | H9: Nenhuma | I9: Planejamento enviado ao Augusto | J9: —
A10: Meta 2 — Ações Comerciais 2º Semestre | B10: 10% | C10: 80% | D10: Lista de brindes no padrão visual e formato do Manual de Padronização | E10: Não iniciado | F10: A definir | G10: A definir | H10: Não iniciado | I10: Lista final | J10: Atraso na lista compromete as ações de fim de ano
A11: Meta 2 — Ações Comerciais 2º Semestre | B11: 10% | C11: 80% | D11: Confirmação de todas as ações e consolidação das evidências | E11: Em andamento | F11: Caroline | G11: A definir | H11: Confirmar as ações obrigatórias: Natal, Dia das Crianças, 3 Raspadinhas, 1 Fardamento (até setembro) | I11: Evidências das ações | J11: Falta de evidências para comprovação no SGD
A12: Meta 2 — Ações Comerciais 2º Semestre | B12: 10% | C12: 100% | D12: Atualização periódica do planejamento | E12: Em andamento | F12: Caroline | G12: Semanal | H12: Rotina a formalizar | I12: Planilha/registro atualizado | J12: —
A13: Meta 2 — Ações Comerciais 2º Semestre | B13: 10% | C13: 100% | D13: Registro das ações executadas e das pendências | E13: Em andamento | F13: Caroline, Ligia, Patricia | G13: A definir | H13: Definir ferramenta de controle: ata de reunião ou Power Apps | I13: Registro padronizado | J13: Ferramenta indefinida gera registros inconsistentes
... A32: Meta 4 — Canal Minha Revenda | B32: 10% | C32: 80% | D32: Cronograma de implantação e primeiras publicações | E32: Em andamento | F32: A definir | G32: A definir | H32: Califórnia enviou proposta de KV; aguardando cronograma de execução | I32: Proposta de KV da Califórnia | J32: Cronograma de execução pendente

Sheet Dashboard
B2: Painel SGD 2026
B3: Deadline geral: 30/11/2026 (férias da gestora 02–22/12)
B5: KPIs
B6: Total de entregáveis | C6: =COUNTA(Entrada!$A$2:$A$200) -> 31
B7: Concluídos | C7: =COUNTIF(Entrada!$E$2:$E$200,"Concluído") -> 3
B8: Em andamento | C8: =COUNTIF(Entrada!$E$2:$E$200,"Em andamento") -> 12
B9: Não iniciados | C9: =COUNTIF(Entrada!$E$2:$E$200,"Não iniciado") -> 16
B10: % de conclusão | C10: =IFERROR(COUNTIF(Entrada!$E$2:$E$200,"Concluído")/COUNTA(Entrada!$A$2:$A$200),0) -> 0.096774194
B12: Status por Meta
D13: Concluído | E13: Em andamento | F13: Não iniciado | G13: Total
B14: Meta 1 — Manual de Padronização | D14: =COUNTIFS(Entrada!$A$2:$A$200,"Meta 1 — Manual de Padronização",Entrada!$E$2:$E$200,"Concluído") -> 2 | E14: =COUNTIFS(Entrada!$A$2:$A$200,"Meta 1 — Manual de Padronização",Entrada!$E$2:$E$200,"Em andamento") -> 1 | F14: =COUNTIFS(Entrada!$A$2:$A$200,"Meta 1 — Manual de Padronização",Entrada!$E$2:$E$200,"Não iniciado") -> 4 | G14: =COUNTIF(Entrada!$A$2:$A$200,"Meta 1 — Manual de Padronização") -> 7
B15: Meta 2 — Ações Comerciais 2º Semestre | D15: =COUNTIFS(Entrada!$A$2:$A$200,"Meta 2 — Ações Comerciais 2º Semestre",Entrada!$E$2:$E$200,"Concluído") -> 1 | E15: =COUNTIFS(Entrada!$A$2:$A$200,"Meta 2 — Ações Comerciais 2º Semestre",Entrada!$E$2:$E$200,"Em andamento") -> 4 | F15: =COUNTIFS(Entrada!$A$2:$A$200,"Meta 2 — Ações Comerciais 2º Semestre",Entrada!$E$2:$E$200,"Não iniciado") -> 3 | G15: =COUNTIF(Entrada!$A$2:$A$200,"Meta 2 — Ações Comerciais 2º Semestre") -> 8
B16: Meta 3 — Plataforma Condomínios | D16: =COUNTIFS(Entrada!$A$2:$A$200,"Meta 3 — Plataforma Condomínios",Entrada!$E$2:$E$200,"Concluído") -> 0 | E16: =COUNTIFS(Entrada!$A$2:$A$200,"Meta 3 — Plataforma Condomínios",Entrada!$E$2:$E$200,"Em andamento") -> 3 | F16: =COUNTIFS(Entrada!$A$2:$A$200,"Meta 3 — Plataforma Condomínios",Entrada!$E$2:$E$200,"Não iniciado") -> 4 | G16: =COUNTIF(Entrada!$A$2:$A$200,"Meta 3 — Plataforma Condomínios") -> 7
B17: Meta 4 — Canal Minha Revenda | D17: =COUNTIFS(Entrada!$A$2:$A$200,"Meta 4 — Canal Minha Revenda",Entrada!$E$2:$E$200,"Concluído") -> 0 | E17: =COUNTIFS(Entrada!$A$2:$A$200,"Meta 4 — Canal Minha Revenda",Entrada!$E$2:$E$200,"Em andamento") -> 4 | F17: =COUNTIFS(Entrada!$A$2:$A$200,"Meta 4 — Canal Minha Revenda",Entrada!$E$2:$E$200,"Não iniciado") -> 5 | G17: =COUNTIF(Entrada!$A$2:$A$200,"Meta 4 — Canal Minha Revenda") -> 9
B19: Status por Nível
D20: Concluído | E20: Em andamento | F20: Não iniciado | G20: Total
B21: 80% | D21: =COUNTIFS(Entrada!$C$2:$C$200,"80%",Entrada!$E$2:$E$200,"Concluído") -> 3 | E21: =COUNTIFS(Entrada!$C$2:$C$200,"80%",Entrada!$E$2:$E$200,"Em andamento") -> 9 | F21: =COUNTIFS(Entrada!$C$2:$C$200,"80%",Entrada!$E$2:$E$200,"Não iniciado") -> 1 | G21: =COUNTIF(Entrada!$C$2:$C$200,"80%") -> 13
B22: 100% | D22: =COUNTIFS(Entrada!$C$2:$C$200,"100%",Entrada!$E$2:$E$200,"Concluído") -> 0 | E22: =COUNTIFS(Entrada!$C$2:$C$200,"100%",Entrada!$E$2:$E$200,"Em andamento") -> 3 | F22: =COUNTIFS(Entrada!$C$2:$C$200,"100%",Entrada!$E$2:$E$200,"Não iniciado") -> 9 | G22: =COUNTIF(Entrada!$C$2:$C$200,"100%") -> 12
B23: 120% | D23: =COUNTIFS(Entrada!$C$2:$C$200,"120%",Entrada!$E$2:$E$200,"Concluído") -> 0 | E23: =COUNTIFS(Entrada!$C$2:$C$200,"120%",Entrada!$E$2:$E$200,"Em andamento") -> 0 | F23: =COUNTIFS(Entrada!$C$2:$C$200,"120%",Entrada!$E$2:$E$200,"Não iniciado") -> 6 | G23: =COUNTIF(Entrada!$C$2:$C$200,"120%") -> 6
B25: Peso x Conclusão
C26: Peso da meta | D26: % concluído
B27: Meta 1 — Manual de Padronização | C27: 0.05 | D27: =IFERROR(COUNTIFS(Entrada!$A$2:$A$200,"Meta 1 — Manual de Padronização",Entrada!$E$2:$E$200,"Concluído")/COUNTIF(Entrada!$A$2:$A$200,"Meta 1 — Manual de Padronização"),0) -> 0.28571429
B28: Meta 2 — Ações Comerciais 2º Semestre | C28: 10% | D28: =IFERROR(COUNTIFS(Entrada!$A$2:$A$200,"Meta 2 — Ações Comerciais 2º Semestre",Entrada!$E$2:$E$200,"Concluído")/COUNTIF(Entrada!$A$2:$A$200,"Meta 2 — Ações Comerciais 2º Semestre"),0) -> 0.125
B29: Meta 3 — Plataforma Condomínios | C29: 10% | D29: =IFERROR(COUNTIFS(Entrada!$A$2:$A$200,"Meta 3 — Plataforma Condomínios",Entrada!$E$2:$E$200,"Concluído")/COUNTIF(Entrada!$A$2:$A$200,"Meta 3 — Plataforma Condomínios"),0) -> 0
B30: Meta 4 — Canal Minha Revenda | C30: 10% | D30: =IFERROR(COUNTIFS(Entrada!$A$2:$A$200,"Meta 4 — Canal Minha Revenda",Entrada!$E$2:$E$200,"Concluído")/COUNTIF(Entrada!$A$2:$A$200,"Meta 4 — Canal Minha Revenda"),0) -> 0
B32: Marcos-chave
B33: 22/10/2026 | C33: Reunião de votação do Manual
B34: 23/10/2026 | C34: Entrega da proposta de fluxo
B35: 30/11/2026 | C35: Prazo final de encaminhamento
B36: 46065 | C36: Início das férias da gestora
